target 1,target 2,target 3,target 4,target 5,target 6,target 7,target 8,target 9,target 10,target 11,target 12,target 13,target 14,target 15,target 16,target 17,target 18,target 19,target 20,target 21,target 22,target 23,target 24,target 25,target 26,target 27,target 28,target 29,target 30,target 31,target 32,target 33,target 34,target 35,target 36,target 37,target 38,target 39,target 40,target 41,target 42,target 43,target 44,target 45,target 46,target 47,target 48,target 49,target 50,target 51,target 52,target 53,target 54,target 55,target 56,target 57,target 58,target 59,target 60,target 61,target 62,target 63,target 64,target 65,target 66,target 67,target 68,target 69,target 70,target 71,target 72,target 73,target 74,target 75,target 76,target 77,target 78,target 79,target 80,target 81,target 82,target 83,target 84,target 85,target 86,target 87,target 88,target 89,target 90,target 91,target 92,target 93,target 94,target 95,target 96,target 97,target 98,target 99,target 100
$\partial_t S0$,$\partial_t S1$,$\partial_t S2$,$\partial_t S3$,$\partial_t S4$,$\partial_t S5$,$\partial_t S6$,$\partial_t S7$,$\partial_t S8$,$\partial_t S9$,$\partial_t S10$,$\partial_t S11$,$\partial_t S12$,$\partial_t S13$,$\partial_t S14$,$\partial_t S15$,$\partial_t S16$,$\partial_t S17$,$\partial_t S18$,$\partial_t S19$,$\partial_t S20$,$\partial_t S21$,$\partial_t S22$,$\partial_t S23$,$\partial_t S24$,$\partial_t S25$,$\partial_t S26$,$\partial_t S27$,$\partial_t S28$,$\partial_t S29$,$\partial_t S30$,$\partial_t S31$,$\partial_t S32$,$\partial_t S33$,$\partial_t S34$,$\partial_t S35$,$\partial_t S36$,$\partial_t S37$,$\partial_t S38$,$\partial_t S39$,$\partial_t S40$,$\partial_t S41$,$\partial_t S42$,$\partial_t S43$,$\partial_t S44$,$\partial_t S45$,$\partial_t S46$,$\partial_t S47$,$\partial_t S48$,$\partial_t S49$,$\partial_t S50$,$\partial_t S51$,$\partial_t S52$,$\partial_t S53$,$\partial_t S54$,$\partial_t S55$,$\partial_t S56$,$\partial_t S57$,$\partial_t S58$,$\partial_t S59$,$\partial_t S60$,$\partial_t S61$,$\partial_t S62$,$\partial_t S63$,$\partial_t S64$,$\partial_t S65$,$\partial_t S66$,$\partial_t S67$,$\partial_t S68$,$\partial_t S69$,$\partial_t S70$,$\partial_t S71$,$\partial_t S72$,$\partial_t S73$,$\partial_t S74$,$\partial_t S75$,$\partial_t S76$,$\partial_t S77$,$\partial_t S78$,$\partial_t S79$,$\partial_t S80$,$\partial_t S81$,$\partial_t S82$,$\partial_t S83$,$\partial_t S84$,$\partial_t S85$,$\partial_t S86$,$\partial_t S87$,$\partial_t S88$,$\partial_t S89$,$\partial_t S90$,$\partial_t S91$,$\partial_t S92$,$\partial_t S93$,$\partial_t S94$,$\partial_t S95$,$\partial_t S96$,$\partial_t S97$,$\partial_t S98$,$\partial_t S99$
$\partial_t S100$,$\partial_t S101$,$\partial_t S102$,$\partial_t S103$,$\partial_t S104$,$\partial_t S105$,$\partial_t S106$,$\partial_t S107$,$\partial_t S108$,$\partial_t S109$,$\partial_t S110$,$\partial_t S111$,$\partial_t S112$,$\partial_t S113$,$\partial_t S114$,$\partial_t S115$,$\partial_t S116$,$\partial_t S117$,$\partial_t S118$,$\partial_t S119$,$\partial_t S120$,$\partial_t S121$,$\partial_t S122$,$\partial_t S123$,$\partial_t S124$,$\partial_t S125$,$\partial_t S126$,$\partial_t S127$,$\partial_t S128$,$\partial_t S129$,$\partial_t S130$,$\partial_t S131$,$\partial_t S132$,$\partial_t S133$,$\partial_t S134$,$\partial_t S135$,$\partial_t S136$,$\partial_t S137$,$\partial_t S138$,$\partial_t S139$,$\partial_t S140$,$\partial_t S141$,$\partial_t S142$,$\partial_t S143$,$\partial_t S144$,$\partial_t S145$,$\partial_t S146$,$\partial_t S147$,$\partial_t S148$,$\partial_t S149$,$\partial_t S150$,$\partial_t S151$,$\partial_t S152$,$\partial_t S153$,$\partial_t S154$,$\partial_t S155$,$\partial_t S156$,$\partial_t S157$,$\partial_t S158$,$\partial_t S159$,$\partial_t S160$,$\partial_t S161$,$\partial_t S162$,$\partial_t S163$,$\partial_t S164$,$\partial_t S165$,$\partial_t S166$,$\partial_t S167$,$\partial_t S168$,$\partial_t S169$,$\partial_t S170$,$\partial_t S171$,$\partial_t S172$,$\partial_t S173$,$\partial_t S174$,$\partial_t S175$,$\partial_t S176$,$\partial_t S177$,$\partial_t S178$,$\partial_t S179$,$\partial_t S180$,$\partial_t S181$,$\partial_t S182$,$\partial_t S183$,$\partial_t S184$,$\partial_t S185$,$\partial_t S186$,$\partial_t S187$,$\partial_t S188$,$\partial_t S189$,$\partial_t S190$,$\partial_t S191$,$\partial_t S192$,$\partial_t S193$,$\partial_t S194$,$\partial_t S195$,$\partial_t S196$,$\partial_t S197$,$\partial_t S198$,$\partial_t S199$
$\partial_t S200$,$\partial_t S201$,$\partial_t S202$,$\partial_t S203$,$\partial_t S204$,$\partial_t S205$,$\partial_t S206$,$\partial_t S207$,$\partial_t S208$,$\partial_t S209$,$\partial_t S210$,$\partial_t S211$,$\partial_t S212$,$\partial_t S213$,$\partial_t S214$,$\partial_t S215$,$\partial_t S216$,$\partial_t S217$,$\partial_t S218$,$\partial_t S219$,$\partial_t S220$,$\partial_t S221$,$\partial_t S222$,$\partial_t S223$,$\partial_t S224$,$\partial_t S225$,$\partial_t S226$,$\partial_t S227$,$\partial_t S228$,$\partial_t S229$,$\partial_t S230$,$\partial_t S231$,$\partial_t S232$,$\partial_t S233$,$\partial_t S234$,$\partial_t S235$,$\partial_t S236$,$\partial_t S237$,$\partial_t S238$,$\partial_t S239$,$\partial_t S240$,$\partial_t S241$,$\partial_t S242$,$\partial_t S243$,$\partial_t S244$,$\partial_t S245$,$\partial_t S246$,$\partial_t S247$,$\partial_t S248$,$\partial_t S249$,$\partial_t S250$,$\partial_t S251$,$\partial_t S252$,$\partial_t S253$,$\partial_t S254$,$\partial_t S255$,$\partial_t S256$,$\partial_t S257$,$\partial_t S258$,$\partial_t S259$,$\partial_t S260$,$\partial_t S261$,$\partial_t S262$,$\partial_t S263$,$\partial_t S264$,$\partial_t S265$,$\partial_t S266$,$\partial_t S267$,$\partial_t S268$,$\partial_t S269$,$\partial_t S270$,$\partial_t S271$,$\partial_t S272$,$\partial_t S273$,$\partial_t S274$,$\partial_t S275$,$\partial_t S276$,$\partial_t S277$,$\partial_t S278$,$\partial_t S279$,$\partial_t S280$,$\partial_t S281$,$\partial_t S282$,$\partial_t S283$,$\partial_t S284$,$\partial_t S285$,$\partial_t S286$,$\partial_t S287$,$\partial_t S288$,$\partial_t S289$,$\partial_t S290$,$\partial_t S291$,$\partial_t S292$,$\partial_t S293$,$\partial_t S294$,$\partial_t S295$,$\partial_t S296$,$\partial_t S297$,$\partial_t S298$,$\partial_t S299$
$\partial_t S300$,$\partial_t S301$,$\partial_t S302$,$\partial_t S303$,$\partial_t S304$,$\partial_t S305$,$\partial_t S306$,$\partial_t S307$,$\partial_t S308$,$\partial_t S309$,$\partial_t S310$,$\partial_t S311$,$\partial_t S312$,$\partial_t S313$,$\partial_t S314$,$\partial_t S315$,$\partial_t S316$,$\partial_t S317$,$\partial_t S318$,$\partial_t S319$,$\partial_t S320$,$\partial_t S321$,$\partial_t S322$,$\partial_t S323$,$\partial_t S324$,$\partial_t S325$,$\partial_t S326$,$\partial_t S327$,$\partial_t S328$,$\partial_t S329$,$\partial_t S330$,$\partial_t S331$,$\partial_t S332$,$\partial_t S333$,$\partial_t S334$,$\partial_t S335$,$\partial_t S336$,$\partial_t S337$,$\partial_t S338$,$\partial_t S339$,$\partial_t S340$,$\partial_t S341$,$\partial_t S342$,$\partial_t S343$,$\partial_t S344$,$\partial_t S345$,$\partial_t S346$,$\partial_t S347$,$\partial_t S348$,$\partial_t S349$,$\partial_t S350$,$\partial_t S351$,$\partial_t S352$,$\partial_t S353$,$\partial_t S354$,$\partial_t S355$,$\partial_t S356$,$\partial_t S357$,$\partial_t S358$,$\partial_t S359$,$\partial_t S360$,$\partial_t S361$,$\partial_t S362$,$\partial_t S363$,$\partial_t S364$,$\partial_t S365$,$\partial_t S366$,$\partial_t S367$,$\partial_t S368$,$\partial_t S369$,$\partial_t S370$,$\partial_t S371$,$\partial_t S372$,$\partial_t S373$,$\partial_t S374$,$\partial_t S375$,$\partial_t S376$,$\partial_t S377$,$\partial_t S378$,$\partial_t S379$,$\partial_t S380$,$\partial_t S381$,$\partial_t S382$,$\partial_t S383$,$\partial_t S384$,$\partial_t S385$,$\partial_t S386$,$\partial_t S387$,$\partial_t S388$,$\partial_t S389$,$\partial_t S390$,$\partial_t S391$,$\partial_t S392$,$\partial_t S393$,$\partial_t S394$,$\partial_t S395$,$\partial_t S396$,$\partial_t S397$,$\partial_t S398$,$\partial_t S399$
$\partial_t S400$,$\partial_t S401$,$\partial_t S402$,$\partial_t S403$,$\partial_t S404$,$\partial_t S405$,$\partial_t S406$,$\partial_t S407$,$\partial_t S408$,$\partial_t S409$,$\partial_t S410$,$\partial_t S411$,$\partial_t S412$,$\partial_t S413$,$\partial_t S414$,$\partial_t S415$,$\partial_t S416$,$\partial_t S417$,$\partial_t S418$,$\partial_t S419$,$\partial_t S420$,$\partial_t S421$,$\partial_t S422$,$\partial_t S423$,$\partial_t S424$,$\partial_t S425$,$\partial_t S426$,$\partial_t S427$,$\partial_t S428$,$\partial_t S429$,$\partial_t S430$,$\partial_t S431$,$\partial_t S432$,$\partial_t S433$,$\partial_t S434$,$\partial_t S435$,$\partial_t S436$,$\partial_t S437$,$\partial_t S438$,$\partial_t S439$,$\partial_t S440$,$\partial_t S441$,$\partial_t S442$,$\partial_t S443$,$\partial_t S444$,$\partial_t S445$,$\partial_t S446$,$\partial_t S447$,$\partial_t S448$,$\partial_t S449$,$\partial_t S450$,$\partial_t S451$,$\partial_t S452$,$\partial_t S453$,$\partial_t S454$,$\partial_t S455$,$\partial_t S456$,$\partial_t S457$,$\partial_t S458$,$\partial_t S459$,$\partial_t S460$,$\partial_t S461$,$\partial_t S462$,$\partial_t S463$,$\partial_t S464$,$\partial_t S465$,$\partial_t S466$,$\partial_t S467$,$\partial_t S468$,$\partial_t S469$,$\partial_t S470$,$\partial_t S471$,$\partial_t S472$,$\partial_t S473$,$\partial_t S474$,$\partial_t S475$,$\partial_t S476$,$\partial_t S477$,$\partial_t S478$,$\partial_t S479$,$\partial_t S480$,$\partial_t S481$,$\partial_t S482$,$\partial_t S483$,$\partial_t S484$,$\partial_t S485$,$\partial_t S486$,$\partial_t S487$,$\partial_t S488$,$\partial_t S489$,$\partial_t S490$,$\partial_t S491$,$\partial_t S492$,$\partial_t S493$,$\partial_t S494$,$\partial_t S495$,$\partial_t S496$,$\partial_t S497$,$\partial_t S498$,$\partial_t S499$
$\partial_t S500$,$\partial_t S501$,$\partial_t S502$,$\partial_t S503$,$\partial_t S504$,$\partial_t S505$,$\partial_t S506$,$\partial_t S507$,$\partial_t S508$,$\partial_t S509$,$\partial_t S510$,$\partial_t S511$,$\partial_t S512$,$\partial_t S513$,$\partial_t S514$,$\partial_t S515$,$\partial_t S516$,$\partial_t S517$,$\partial_t S518$,$\partial_t S519$,$\partial_t S520$,$\partial_t S521$,$\partial_t S522$,$\partial_t S523$,$\partial_t S524$,$\partial_t S525$,$\partial_t S526$,$\partial_t S527$,$\partial_t S528$,$\partial_t S529$,$\partial_t S530$,$\partial_t S531$,$\partial_t S532$,$\partial_t S533$,$\partial_t S534$,$\partial_t S535$,$\partial_t S536$,$\partial_t S537$,$\partial_t S538$,$\partial_t S539$,$\partial_t S540$,$\partial_t S541$,$\partial_t S542$,$\partial_t S543$,$\partial_t S544$,$\partial_t S545$,$\partial_t S546$,$\partial_t S547$,$\partial_t S548$,$\partial_t S549$,$\partial_t S550$,$\partial_t S551$,$\partial_t S552$,$\partial_t S553$,$\partial_t S554$,$\partial_t S555$,$\partial_t S556$,$\partial_t S557$,$\partial_t S558$,$\partial_t S559$,$\partial_t S560$,$\partial_t S561$,$\partial_t S562$,$\partial_t S563$,$\partial_t S564$,$\partial_t S565$,$\partial_t S566$,$\partial_t S567$,$\partial_t S568$,$\partial_t S569$,$\partial_t S570$,$\partial_t S571$,$\partial_t S572$,$\partial_t S573$,$\partial_t S574$,$\partial_t S575$,$\partial_t S576$,$\partial_t S577$,$\partial_t S578$,$\partial_t S579$,$\partial_t S580$,$\partial_t S581$,$\partial_t S582$,$\partial_t S583$,$\partial_t S584$,$\partial_t S585$,$\partial_t S586$,$\partial_t S587$,$\partial_t S588$,$\partial_t S589$,$\partial_t S590$,$\partial_t S591$,$\partial_t S592$,$\partial_t S593$,$\partial_t S594$,$\partial_t S595$,$\partial_t S596$,$\partial_t S597$,$\partial_t S598$,$\partial_t S599$
$\partial_t S600$,$\partial_t S601$,$\partial_t S602$,$\partial_t S603$,$\partial_t S604$,$\partial_t S605$,$\partial_t S606$,$\partial_t S607$,$\partial_t S608$,$\partial_t S609$,$\partial_t S610$,$\partial_t S611$,$\partial_t S612$,$\partial_t S613$,$\partial_t S614$,$\partial_t S615$,$\partial_t S616$,$\partial_t S617$,$\partial_t S618$,$\partial_t S619$,$\partial_t S620$,$\partial_t S621$,$\partial_t S622$,$\partial_t S623$,$\partial_t S624$,$\partial_t S625$,$\partial_t S626$,$\partial_t S627$,$\partial_t S628$,$\partial_t S629$,$\partial_t S630$,$\partial_t S631$,$\partial_t S632$,$\partial_t S633$,$\partial_t S634$,$\partial_t S635$,$\partial_t S636$,$\partial_t S637$,$\partial_t S638$,$\partial_t S639$,$\partial_t S640$,$\partial_t S641$,$\partial_t S642$,$\partial_t S643$,$\partial_t S644$,$\partial_t S645$,$\partial_t S646$,$\partial_t S647$,$\partial_t S648$,$\partial_t S649$,$\partial_t S650$,$\partial_t S651$,$\partial_t S652$,$\partial_t S653$,$\partial_t S654$,$\partial_t S655$,$\partial_t S656$,$\partial_t S657$,$\partial_t S658$,$\partial_t S659$,$\partial_t S660$,$\partial_t S661$,$\partial_t S662$,$\partial_t S663$,$\partial_t S664$,$\partial_t S665$,$\partial_t S666$,$\partial_t S667$,$\partial_t S668$,$\partial_t S669$,$\partial_t S670$,$\partial_t S671$,$\partial_t S672$,$\partial_t S673$,$\partial_t S674$,$\partial_t S675$,$\partial_t S676$,$\partial_t S677$,$\partial_t S678$,$\partial_t S679$,$\partial_t S680$,$\partial_t S681$,$\partial_t S682$,$\partial_t S683$,$\partial_t S684$,$\partial_t S685$,$\partial_t S686$,$\partial_t S687$,$\partial_t S688$,$\partial_t S689$,$\partial_t S690$,$\partial_t S691$,$\partial_t S692$,$\partial_t S693$,$\partial_t S694$,$\partial_t S695$,$\partial_t S696$,$\partial_t S697$,$\partial_t S698$,$\partial_t S699$
$\partial_t S700$,$\partial_t S701$,$\partial_t S702$,$\partial_t S703$,$\partial_t S704$,$\partial_t S705$,$\partial_t S706$,$\partial_t S707$,$\partial_t S708$,$\partial_t S709$,$\partial_t S710$,$\partial_t S711$,$\partial_t S712$,$\partial_t S713$,$\partial_t S714$,$\partial_t S715$,$\partial_t S716$,$\partial_t S717$,$\partial_t S718$,$\partial_t S719$,$\partial_t S720$,$\partial_t S721$,$\partial_t S722$,$\partial_t S723$,$\partial_t S724$,$\partial_t S725$,$\partial_t S726$,$\partial_t S727$,$\partial_t S728$,$\partial_t S729$,$\partial_t S730$,$\partial_t S731$,$\partial_t S732$,$\partial_t S733$,$\partial_t S734$,$\partial_t S735$,$\partial_t S736$,$\partial_t S737$,$\partial_t S738$,$\partial_t S739$,$\partial_t S740$,$\partial_t S741$,$\partial_t S742$,$\partial_t S743$,$\partial_t S744$,$\partial_t S745$,$\partial_t S746$,$\partial_t S747$,$\partial_t S748$,$\partial_t S749$,$\partial_t S750$,$\partial_t S751$,$\partial_t S752$,$\partial_t S753$,$\partial_t S754$,$\partial_t S755$,$\partial_t S756$,$\partial_t S757$,$\partial_t S758$,$\partial_t S759$,$\partial_t S760$,$\partial_t S761$,$\partial_t S762$,$\partial_t S763$,$\partial_t S764$,$\partial_t S765$,$\partial_t S766$,$\partial_t S767$,$\partial_t S768$,$\partial_t S769$,$\partial_t S770$,$\partial_t S771$,$\partial_t S772$,$\partial_t S773$,$\partial_t S774$,$\partial_t S775$,$\partial_t S776$,$\partial_t S777$,$\partial_t S778$,$\partial_t S779$,$\partial_t S780$,$\partial_t S781$,$\partial_t S782$,$\partial_t S783$,$\partial_t S784$,$\partial_t S785$,$\partial_t S786$,$\partial_t S787$,$\partial_t S788$,$\partial_t S789$,$\partial_t S790$,$\partial_t S791$,$\partial_t S792$,$\partial_t S793$,$\partial_t S794$,$\partial_t S795$,$\partial_t S796$,$\partial_t S797$,$\partial_t S798$,$\partial_t S799$
$\partial_t S800$,$\partial_t S801$,$\partial_t S802$,$\partial_t S803$,$\partial_t S804$,$\partial_t S805$,$\partial_t S806$,$\partial_t S807$,$\partial_t S808$,$\partial_t S809$,$\partial_t S810$,$\partial_t S811$,$\partial_t S812$,$\partial_t S813$,$\partial_t S814$,$\partial_t S815$,$\partial_t S816$,$\partial_t S817$,$\partial_t S818$,$\partial_t S819$,$\partial_t S820$,$\partial_t S821$,$\partial_t S822$,$\partial_t S823$,$\partial_t S824$,$\partial_t S825$,$\partial_t S826$,$\partial_t S827$,$\partial_t S828$,$\partial_t S829$,$\partial_t S830$,$\partial_t S831$,$\partial_t S832$,$\partial_t S833$,$\partial_t S834$,$\partial_t S835$,$\partial_t S836$,$\partial_t S837$,$\partial_t S838$,$\partial_t S839$,$\partial_t S840$,$\partial_t S841$,$\partial_t S842$,$\partial_t S843$,$\partial_t S844$,$\partial_t S845$,$\partial_t S846$,$\partial_t S847$,$\partial_t S848$,$\partial_t S849$,$\partial_t S850$,$\partial_t S851$,$\partial_t S852$,$\partial_t S853$,$\partial_t S854$,$\partial_t S855$,$\partial_t S856$,$\partial_t S857$,$\partial_t S858$,$\partial_t S859$,$\partial_t S860$,$\partial_t S861$,$\partial_t S862$,$\partial_t S863$,$\partial_t S864$,$\partial_t S865$,$\partial_t S866$,$\partial_t S867$,$\partial_t S868$,$\partial_t S869$,$\partial_t S870$,$\partial_t S871$,$\partial_t S872$,$\partial_t S873$,$\partial_t S874$,$\partial_t S875$,$\partial_t S876$,$\partial_t S877$,$\partial_t S878$,$\partial_t S879$,$\partial_t S880$,$\partial_t S881$,$\partial_t S882$,$\partial_t S883$,$\partial_t S884$,$\partial_t S885$,$\partial_t S886$,$\partial_t S887$,$\partial_t S888$,$\partial_t S889$,$\partial_t S890$,$\partial_t S891$,$\partial_t S892$,$\partial_t S893$,$\partial_t S894$,$\partial_t S895$,$\partial_t S896$,$\partial_t S897$,$\partial_t S898$,$\partial_t S899$
$\partial_t S900$,$\partial_t S901$,$\partial_t S902$,$\partial_t S903$,$\partial_t S904$,$\partial_t S905$,$\partial_t S906$,$\partial_t S907$,$\partial_t S908$,$\partial_t S909$,$\partial_t S910$,$\partial_t S911$,$\partial_t S912$,$\partial_t S913$,$\partial_t S914$,$\partial_t S915$,$\partial_t S916$,$\partial_t S917$,$\partial_t S918$,$\partial_t S919$,$\partial_t S920$,$\partial_t S921$,$\partial_t S922$,$\partial_t S923$,$\partial_t S924$,$\partial_t S925$,$\partial_t S926$,$\partial_t S927$,$\partial_t S928$,$\partial_t S929$,$\partial_t S930$,$\partial_t S931$,$\partial_t S932$,$\partial_t S933$,$\partial_t S934$,$\partial_t S935$,$\partial_t S936$,$\partial_t S937$,$\partial_t S938$,$\partial_t S939$,$\partial_t S940$,$\partial_t S941$,$\partial_t S942$,$\partial_t S943$,$\partial_t S944$,$\partial_t S945$,$\partial_t S946$,$\partial_t S947$,$\partial_t S948$,$\partial_t S949$,$\partial_t S950$,$\partial_t S951$,$\partial_t S952$,$\partial_t S953$,$\partial_t S954$,$\partial_t S955$,$\partial_t S956$,$\partial_t S957$,$\partial_t S958$,$\partial_t S959$,$\partial_t S960$,$\partial_t S961$,$\partial_t S962$,$\partial_t S963$,$\partial_t S964$,$\partial_t S965$,$\partial_t S966$,$\partial_t S967$,$\partial_t S968$,$\partial_t S969$,$\partial_t S970$,$\partial_t S971$,$\partial_t S972$,$\partial_t S973$,$\partial_t S974$,$\partial_t S975$,$\partial_t S976$,$\partial_t S977$,$\partial_t S978$,$\partial_t S979$,$\partial_t S980$,$\partial_t S981$,$\partial_t S982$,$\partial_t S983$,$\partial_t S984$,$\partial_t S985$,$\partial_t S986$,$\partial_t S987$,$\partial_t S988$,$\partial_t S989$,$\partial_t S990$,$\partial_t S991$,$\partial_t S992$,$\partial_t S993$,$\partial_t S994$,$\partial_t S995$,$\partial_t S996$,$\partial_t S997$,$\partial_t S998$,$\partial_t S999$
$\partial_t S1000$,$\partial_t S1001$,$\partial_t S1002$,$\partial_t S1003$,$\partial_t S1004$,$\partial_t S1005$,$\partial_t S1006$,$\partial_t S1007$,$\partial_t S1008$,$\partial_t S1009$,$\partial_t S1010$,$\partial_t S1011$,$\partial_t S1012$,$\partial_t S1013$,$\partial_t S1014$,$\partial_t S1015$,$\partial_t S1016$,$\partial_t S1017$,$\partial_t S1018$,$\partial_t S1019$,$\partial_t S1020$,$\partial_t S1021$,$\partial_t S1022$,$\partial_t S1023$,$\partial_t S1024$,$\partial_t S1025$,$\partial_t S1026$,$\partial_t S1027$,$\partial_t S1028$,$\partial_t S1029$,$\partial_t S1030$,$\partial_t S1031$,$\partial_t S1032$,$\partial_t S1033$,$\partial_t S1034$,$\partial_t S1035$,$\partial_t S1036$,$\partial_t S1037$,$\partial_t S1038$,$\partial_t S1039$,$\partial_t S1040$,$\partial_t S1041$,$\partial_t S1042$,$\partial_t S1043$,$\partial_t S1044$,$\partial_t S1045$,$\partial_t S1046$,$\partial_t S1047$,$\partial_t S1048$,$\partial_t S1049$,$\partial_t S1050$,$\partial_t S1051$,$\partial_t S1052$,$\partial_t S1053$,$\partial_t S1054$,$\partial_t S1055$,$\partial_t S1056$,$\partial_t S1057$,$\partial_t S1058$,$\partial_t S1059$,$\partial_t S1060$,$\partial_t S1061$,$\partial_t S1062$,$\partial_t S1063$,$\partial_t S1064$,$\partial_t S1065$,$\partial_t S1066$,$\partial_t S1067$,$\partial_t S1068$,$\partial_t S1069$,$\partial_t S1070$,$\partial_t S1071$,$\partial_t S1072$,$\partial_t S1073$,$\partial_t S1074$,$\partial_t S1075$,$\partial_t S1076$,$\partial_t S1077$,$\partial_t S1078$,$\partial_t S1079$,$\partial_t S1080$,$\partial_t S1081$,$\partial_t S1082$,$\partial_t S1083$,$\partial_t S1084$,$\partial_t S1085$,$\partial_t S1086$,$\partial_t S1087$,$\partial_t S1088$,$\partial_t S1089$,$\partial_t S1090$,$\partial_t S1091$,$\partial_t S1092$,$\partial_t S1093$,$\partial_t S1094$,$\partial_t S1095$,$\partial_t S1096$,$\partial_t S1097$,$\partial_t S1098$,$\partial_t S1099$
$\partial_t S1100$,$\partial_t S1101$,$\partial_t S1102$,$\partial_t S1103$,$\partial_t S1104$,$\partial_t S1105$,$\partial_t S1106$,$\partial_t S1107$,$\partial_t S1108$,$\partial_t S1109$,$\partial_t S1110$,$\partial_t S1111$,$\partial_t S1112$,$\partial_t S1113$,$\partial_t S1114$,$\partial_t S1115$,$\partial_t S1116$,$\partial_t S1117$,$\partial_t S1118$,$\partial_t S1119$,$\partial_t S1120$,$\partial_t S1121$,,,,,,,,,,,,,,,,,,,,,,,,,,,,,,,,,,,,,,,,,,,,,,,,,,,,,,,,,,,,,,,,,,,,,,,,,,,,,,
